term,OR_weighted,W_CI_lower,W_CI_upper,OR_unweighted,U_CI_lower,U_CI_upper
high_stress,0.6276164638418706,0.43406177049697364,0.9074801156397175,1.0852654387865648,0.5346643284674951,2.2028794701911734
Intercept,0.029425344621820632,,,0.029200359389038644,,
