term,OR_weighted,W_CI_lower,W_CI_upper,OR_unweighted,U_CI_lower,U_CI_upper
high_crp,0.8844709268059873,0.4985869543977882,1.56901181120938,0.9471858407079617,0.5417976727053048,1.6558967711284969
Intercept,0.03197352981290384,,,0.03176620076238892,,
