term,OR_weighted,W_CI_lower,W_CI_upper,OR_unweighted,U_CI_lower,U_CI_upper
high_crp,0.8105478535100901,0.5890771141383957,1.1152832236416912,0.8261438896023756,0.4943807124936487,1.3805427863169533
Intercept,0.034649037142849386,,,0.03392568659127627,,
