term,OR_weighted,W_CI_lower,W_CI_upper,OR_unweighted,U_CI_lower,U_CI_upper
high_stress,0.6783871530038383,0.28215370893245273,1.6310582309971573,1.08526543878657,0.5346643284674978,2.2028794701911822
Intercept,0.029425461433776365,,,0.0292003593890385,,
