,OR,OR_ci_lower,OR_ci_upper,p,sig_95,beta,ci_lower,ci_upper
Intercept,0.2309659795317733,0.007142280342318542,7.468942850786292,0.408653216166899,False,-1.4654848540605632,-4.941723177945333,2.010753469824207
C(sex)[T.2],2.2889504196398667,0.901928428501975,5.808990888857485,0.08137980492063074,False,0.8280933804649238,-0.10322010962648354,1.759406870556331
C(race_eth)[T.2.0],0.3581428658379173,0.035630880996496174,3.5998636228840306,0.38315980083362855,False,-1.0268233056009677,-3.3345425734142244,1.2808959622122893
C(race_eth)[T.3.0],0.22898056092740113,0.037381994286294504,1.402602998680855,0.11091422959987444,False,-1.4741181658108917,-3.2865661266845994,0.3383297950628159
C(race_eth)[T.4.0],0.4044600419946116,0.03772808585074106,4.3359720452679635,0.4545117381306043,False,-0.9052023310599024,-3.2773504791118198,1.466945816992015
dpq_total,1.0832997041259902,1.0148514695614195,1.1563645362474735,0.016276443133251762,True,0.08001166484647296,0.014742266378211716,0.1452810633147342
hscrp_mg_l_raw,0.9658735203213193,0.7672049330260616,1.2159875635552093,0.767588083061837,False,-0.034722384686265664,-0.2650013255247409,0.19555655615220963
bmx_bmi,0.9749934176134217,0.889002652844414,1.0693018309315085,0.590865593000421,False,-0.025324559172800402,-0.1176550593957286,0.0670059410501278
