,OR,OR_ci_lower,OR_ci_upper,p,sig_95,beta,ci_lower,ci_upper
Intercept,0.27350931761483405,0.010693916202701005,6.995318216841623,0.43313537728695517,False,-1.296419589638854,-4.538080278403541,1.9452410991258327
C(sex)[T.2],2.467796376175158,0.9998738237350524,6.090787467076428,0.050032006822682995,False,0.9033255970377293,-0.00012618422584220745,1.8067773783013008
C(race_eth)[T.2.0],0.32588381324320315,0.032974436474161394,3.2206845996336857,0.33741481138903795,False,-1.1212143622358626,-3.4120226700119307,1.1695939455402053
C(race_eth)[T.3.0],0.21788600306959224,0.03586267323670731,1.3237805787731944,0.09786995816220484,False,-1.5237832746634004,-3.328058267105427,0.28049171777862614
C(race_eth)[T.4.0],0.7291719453030228,0.09139683868132671,5.817397335490384,0.7656333316370878,False,-0.31584571017196367,-2.3925443888518574,1.76085296850793
dpq_total,1.0746254426521407,1.006499976944012,1.1473620153491049,0.031251609570602884,True,0.07197217542551004,0.006478943190616995,0.1374654076604031
hscrp_mg_l_raw,0.9896284914207216,0.9271868079659036,1.0562753294346574,0.7538808652920543,False,-0.010425667472792407,-0.07560021487715615,0.05474887993157134
bmx_bmi,0.9667834460743662,0.8917145826773285,1.048171970898049,0.41271171529986994,False,-0.0337807526883458,-0.11460917218190131,0.0470476668052097
