,OR,OR_ci_lower,OR_ci_upper,p,sig_95,beta,ci_lower,ci_upper
Intercept,0.27350931761483405,0.021333969217948247,3.506489864023841,0.31923019330076874,False,-1.296419589638854,-3.8474546776434733,1.2546154983657654
C(sex)[T.2],2.467796376175158,1.0135870718085302,6.008382628042897,0.04662512218411824,True,0.9033255970377293,0.013495595216269973,1.7931555988591885
C(race_eth)[T.2.0],0.32588381324320315,0.037119389445990476,2.861045435255733,0.3117428973336803,False,-1.1212143622358626,-3.2936158193138896,1.0511870948421642
C(race_eth)[T.3.0],0.21788600306959224,0.04149894617217734,1.1439883349488804,0.07170716789746563,False,-1.5237832746634004,-3.1820872455094134,0.13452069618261264
C(race_eth)[T.4.0],0.7291719453030228,0.10428773078405824,5.098315226725315,0.7502455162445574,False,-0.31584571017196367,-2.260601557796467,1.6289101374525399
dpq_total,1.0746254426521407,1.0046712424438362,1.1494504801254593,0.03611209185941458,True,0.07197217542551004,0.004660366048552272,0.13928398480246781
hscrp_mg_l_raw,0.9896284914207216,0.9229624432405436,1.061109862274656,0.7695243445531408,False,-0.010425667472792407,-0.08016673518737505,0.05931540024179024
bmx_bmi,0.9667834460743662,0.9076712141369433,1.0297453715023401,0.293994158981451,False,-0.0337807526883458,-0.09687306492262918,0.029311559545937567
