,OR,OR_ci_lower,OR_ci_upper,p,sig_95,beta,ci_lower,ci_upper
Intercept,0.0010777376526491865,0.00037049676374468707,0.0031350299424968593,4.387632233342399e-36,True,-6.832891201002809,-7.900665848098435,-5.765116553907183
C(sex)[T.2],1.0268841468706558,0.822693391994541,1.2817546139975218,0.8145713666872381,False,0.026529117251799187,-0.1951716969356069,0.24822993143920527
C(race_eth)[T.2.0],1.20868609133133,0.526283497864887,2.775922242108513,0.6550297773762381,False,0.18953389468653792,-0.6419152421113465,1.0209830314844224
C(race_eth)[T.3.0],2.69555480843084,1.3351648613564435,5.442036362365624,0.005668492503716783,True,0.9916040490105432,0.2890547758805131,1.6941533221405733
C(race_eth)[T.4.0],1.2879762099957495,0.578321368548323,2.8684444458261495,0.5356034101860645,False,0.2530721570113855,-0.5476255638723617,1.0537698778951328
dpq_total,1.0095686235812726,0.9851877751677413,1.0345528349113426,0.44515647358252486,False,0.00952313425261598,-0.014923021290469126,0.03396928979570109
hscrp_mg_l_raw,1.0063541966164282,0.9913605617253208,1.0215745997449732,0.4082203647275826,False,0.006334093822238868,-0.00867697457292278,0.021345162217400515
bmx_bmi,0.9916418786272665,0.9747840407121328,1.0087912546547448,0.33734233844875305,False,-0.008393246325182652,-0.02553932922381293,0.008752836573447626
age_years,1.0775091923902271,1.068101462526001,1.08699978458945,1.6882515819732796e-62,True,0.07465207418000352,0.06588273839073366,0.08342140996927339
